[{"__type__":"cc.SpriteFrame","content":{"name":"box","texture":"37ThGn6stNn64gVDdYShp8","rect":[0,0,473,258],"offset":[0,0],"originalSize":[473,258],"capInsets":[10,10,10,10]}},{"__type__":"cc.SpriteFrame","content":{"name":"1","texture":"afqAKEtuRORJVCXhghCAk6","rect":[0,0,270,44],"offset":[0,0],"originalSize":[270,44],"capInsets":[10,10,10,10]}},[{"__type__":"cc.SceneAsset","_name":"hallScene","scene":{"__id__":1},"asyncLoadAssets":null},{"__type__":"cc.Scene","_name":"New Node","_children":[{"__id__":2},{"__id__":56}],"_active":false,"_anchorPoint":{"__type__":"cc.Vec2"},"_trs":{"__type__":"TypedArray","ctor":"Float32Array","array":[0,0,0,0,0,0,1,1,1,1]},"autoReleaseAssets":false},{"__type__":"cc.Node","_name":"Canvas","_parent":{"__id__":1},"_children":[{"__id__":3},{"__id__":4},{"__id__":5},{"__id__":48}],"_components":[{"__type__":"cc.Canvas","node":{"__id__":2},"_designResolution":{"__type__":"cc.Size","width":640,"height":960},"_fitHeight":false}],"_contentSize":{"__type__":"cc.Size","width":640,"height":960},"_trs":{"__type__":"TypedArray","ctor":"Float32Array","array":[320,480,0,0,0,0,1,1,1,1]},"_id":"893sjZ8DVGWIAAwUpLMxtV"},{"__type__":"cc.Node","_name":"Main Camera","_parent":{"__id__":2},"_components":[{"__type__":"cc.Camera","node":{"__id__":3},"_clearFlags":7,"_depth":-1}],"_trs":{"__type__":"TypedArray","ctor":"Float32Array","array":[0,0,555.1222534179688,0,0,0,1,1,1,1]}},{"__type__":"cc.Node","_name":"bg","_parent":{"__id__":2},"_components":[{"__type__":"cc.Sprite","node":{"__id__":4},"_materials":[{"__uuid__":"ecpdLyjvZBwrvm+cedCcQy"}],"_spriteFrame":{"__uuid__":"bcxAlZHNxP3a75xs/URQbS"}}],"_contentSize":{"__type__":"cc.Size","width":1184,"height":2016},"_trs":{"__type__":"TypedArray","ctor":"Float32Array","array":[0,0,0,0,0,0,1,1,1,1]}},{"__type__":"cc.Node","_name":"scrollview","_parent":{"__id__":2},"_children":[{"__id__":6}],"_components":[{"__type__":"cc.ScrollView","node":{"__id__":5},"horizontal":false,"brake":0.75,"bounceDuration":0.23,"_N$content":{"__id__":7},"content":{"__id__":7},"_N$horizontalScrollBar":null,"_N$verticalScrollBar":null},{"__type__":"cc.Widget","node":{"__id__":5},"_alignFlags":45,"_top":200,"_originalWidth":240,"_originalHeight":250}],"_contentSize":{"__type__":"cc.Size","width":640,"height":760},"_trs":{"__type__":"TypedArray","ctor":"Float32Array","array":[0,-100,0,0,0,0,1,1,1,1]}},{"__type__":"cc.Node","_name":"view","_parent":{"__id__":5},"_children":[{"__id__":7}],"_components":[{"__type__":"cc.Mask","node":{"__id__":6},"_materials":[{"__uuid__":"ecpdLyjvZBwrvm+cedCcQy"}]},{"__type__":"cc.Widget","node":{"__id__":6},"_target":{"__id__":5},"_alignFlags":45,"_originalWidth":240,"_originalHeight":250}],"_contentSize":{"__type__":"cc.Size","width":640,"height":760},"_trs":{"__type__":"TypedArray","ctor":"Float32Array","array":[0,0,0,0,0,0,1,1,1,1]}},{"__type__":"cc.Node","_name":"content","_parent":{"__id__":6},"_children":[{"__id__":8},{"__id__":13},{"__id__":18},{"__id__":23},{"__id__":28},{"__id__":33},{"__id__":38},{"__id__":43}],"_components":[{"__type__":"cc.Widget","node":{"__id__":7},"_target":{"__id__":6},"_alignFlags":45,"_bottom":-560,"_originalWidth":220,"_originalHeight":400},{"__type__":"cc.Layout","node":{"__id__":7},"_layoutSize":{"__type__":"cc.Size","width":640,"height":1320},"_resize":1,"_N$layoutType":2,"_N$paddingTop":50,"_N$paddingBottom":100,"_N$spacingY":30}],"_contentSize":{"__type__":"cc.Size","width":640,"height":1320},"_anchorPoint":{"__type__":"cc.Vec2","x":0.5,"y":1},"_trs":{"__type__":"TypedArray","ctor":"Float32Array","array":[0,380,0,0,0,0,1,1,1,1]}},{"__type__":"cc.Node","_name":"0","_parent":{"__id__":7},"_children":[{"__id__":9},{"__id__":10},{"__id__":11}],"_components":[{"__type__":"cc.Button","node":{"__id__":8},"clickEvents":[{"__type__":"cc.ClickEvent","target":{"__id__":8},"_componentId":"1c9c8AhbOtFyKoYlOIAPtpu","handler":"touchButton"}]},{"__type__":"1c9c8AhbOtFyKoYlOIAPtpu","node":{"__id__":8}}],"_prefab":{"__type__":"cc.PrefabInfo","root":{"__id__":8},"asset":{"__uuid__":"c1VHkPgnFGHIt/NEvTYl8n"},"fileId":"8ayk+eqcxNIoXRlJdt4jUZ"},"_contentSize":{"__type__":"cc.Size","width":419,"height":120},"_trs":{"__type__":"TypedArray","ctor":"Float32Array","array":[0,-110,0,0,0,0,1,1,1,1]}},{"__type__":"cc.Node","_name":"box","_parent":{"__id__":8},"_components":[{"__type__":"cc.Sprite","node":{"__id__":9},"_materials":[{"__uuid__":"ecpdLyjvZBwrvm+cedCcQy"}],"_spriteFrame":{"__uuid__":"0d0qecsxlH2bBLChoAT+kj"},"_type":1,"_sizeMode":0}],"_prefab":{"__type__":"cc.PrefabInfo","root":{"__id__":8},"asset":{"__uuid__":"c1VHkPgnFGHIt/NEvTYl8n"},"fileId":"e7hBp+BLxC4YHtLtZa1X9Y"},"_opacity":40,"_color":{"__type__":"cc.Color","r":253,"g":245,"b":245},"_contentSize":{"__type__":"cc.Size","width":421.3,"height":123.4},"_anchorPoint":{"__type__":"cc.Vec2","x":0.43779475859512507,"y":0.5068617932994455},"_trs":{"__type__":"TypedArray","ctor":"Float32Array","array":[-24,-0.5,0,0,0,0,1,1,1,1]}},{"__type__":"cc.Node","_name":"content","_parent":{"__id__":8},"_components":[{"__type__":"cc.Sprite","node":{"__id__":10},"_materials":[{"__uuid__":"ecpdLyjvZBwrvm+cedCcQy"}],"_spriteFrame":{"__uuid__":"7cntVV569G7ZnDAhW2r/l0"},"_type":1,"_sizeMode":0}],"_prefab":{"__type__":"cc.PrefabInfo","root":{"__id__":8},"asset":{"__uuid__":"c1VHkPgnFGHIt/NEvTYl8n"},"fileId":"14cmZNcoVA3Jx7EvdILqJH"},"_opacity":180,"_contentSize":{"__type__":"cc.Size","width":419,"height":120},"_trs":{"__type__":"TypedArray","ctor":"Float32Array","array":[0,0,0,0,0,0,1,1,1,1]}},{"__type__":"cc.Node","_name":"icon","_parent":{"__id__":8},"_children":[{"__id__":12}],"_components":[{"__type__":"cc.Sprite","node":{"__id__":11},"_materials":[{"__uuid__":"ecpdLyjvZBwrvm+cedCcQy"}],"_spriteFrame":{"__uuid__":"5fKyhyZd9BG77Ni+p0veBW"},"_sizeMode":0}],"_prefab":{"__type__":"cc.PrefabInfo","root":{"__id__":8},"asset":{"__uuid__":"c1VHkPgnFGHIt/NEvTYl8n"},"fileId":"3c2gvuWOtOVovwTAxubkYT"},"_contentSize":{"__type__":"cc.Size","width":100,"height":100},"_trs":{"__type__":"TypedArray","ctor":"Float32Array","array":[-150.40899658203125,-20.940000534057617,0,0,0,0,1,1,1,1]}},{"__type__":"cc.Node","_name":"ding","_parent":{"__id__":11},"_components":[{"__type__":"cc.Sprite","node":{"__id__":12},"_materials":[{"__uuid__":"ecpdLyjvZBwrvm+cedCcQy"}],"_spriteFrame":{"__uuid__":"3fRClyib1Cs6NN4B5lBIpu"}}],"_prefab":{"__type__":"cc.PrefabInfo","root":{"__id__":8},"asset":{"__uuid__":"c1VHkPgnFGHIt/NEvTYl8n"},"fileId":"11rpvNW1pEGJoHs1yEe9eC"},"_contentSize":{"__type__":"cc.Size","width":30,"height":42},"_trs":{"__type__":"TypedArray","ctor":"Float32Array","array":[-0.36500999331474304,47.27899932861328,0,0,0,0,1,1,1,1]}},{"__type__":"cc.Node","_name":"1","_parent":{"__id__":7},"_children":[{"__id__":14},{"__id__":15},{"__id__":16}],"_components":[{"__type__":"1c9c8AhbOtFyKoYlOIAPtpu","node":{"__id__":13}},{"__type__":"cc.Button","node":{"__id__":13},"clickEvents":[{"__type__":"cc.ClickEvent","target":{"__id__":13},"_componentId":"1c9c8AhbOtFyKoYlOIAPtpu","handler":"touchButton"}]}],"_prefab":{"__type__":"cc.PrefabInfo","root":{"__id__":13},"asset":{"__uuid__":"64hAsVmCZDuZiecRDYKth2"},"fileId":"8ayk+eqcxNIoXRlJdt4jUZ"},"_contentSize":{"__type__":"cc.Size","width":419,"height":120},"_trs":{"__type__":"TypedArray","ctor":"Float32Array","array":[0,-260,0,0,0,0,1,1,1,1]}},{"__type__":"cc.Node","_name":"box","_parent":{"__id__":13},"_components":[{"__type__":"cc.Sprite","node":{"__id__":14},"_materials":[{"__uuid__":"ecpdLyjvZBwrvm+cedCcQy"}],"_spriteFrame":{"__uuid__":"0d0qecsxlH2bBLChoAT+kj"},"_type":1,"_sizeMode":0}],"_prefab":{"__type__":"cc.PrefabInfo","root":{"__id__":13},"asset":{"__uuid__":"64hAsVmCZDuZiecRDYKth2"},"fileId":"e7hBp+BLxC4YHtLtZa1X9Y"},"_opacity":40,"_color":{"__type__":"cc.Color","r":253,"g":245,"b":245},"_contentSize":{"__type__":"cc.Size","width":421.3,"height":123.4},"_anchorPoint":{"__type__":"cc.Vec2","x":0.43779475859512507,"y":0.5068617932994455},"_trs":{"__type__":"TypedArray","ctor":"Float32Array","array":[-24,-0.5,0,0,0,0,1,1,1,1]}},{"__type__":"cc.Node","_name":"content","_parent":{"__id__":13},"_components":[{"__type__":"cc.Sprite","node":{"__id__":15},"_materials":[{"__uuid__":"ecpdLyjvZBwrvm+cedCcQy"}],"_spriteFrame":{"__uuid__":"1fLnWw2ZhM3K9eYQq47Io7"},"_type":1,"_sizeMode":0}],"_prefab":{"__type__":"cc.PrefabInfo","root":{"__id__":13},"asset":{"__uuid__":"64hAsVmCZDuZiecRDYKth2"},"fileId":"14cmZNcoVA3Jx7EvdILqJH"},"_opacity":180,"_contentSize":{"__type__":"cc.Size","width":419,"height":120},"_trs":{"__type__":"TypedArray","ctor":"Float32Array","array":[0,0,0,0,0,0,1,1,1,1]}},{"__type__":"cc.Node","_name":"icon","_parent":{"__id__":13},"_children":[{"__id__":17}],"_components":[{"__type__":"cc.Sprite","node":{"__id__":16},"_materials":[{"__uuid__":"ecpdLyjvZBwrvm+cedCcQy"}],"_spriteFrame":{"__uuid__":"5fKyhyZd9BG77Ni+p0veBW"},"_sizeMode":0}],"_prefab":{"__type__":"cc.PrefabInfo","root":{"__id__":13},"asset":{"__uuid__":"64hAsVmCZDuZiecRDYKth2"},"fileId":"3c2gvuWOtOVovwTAxubkYT"},"_contentSize":{"__type__":"cc.Size","width":100,"height":100},"_trs":{"__type__":"TypedArray","ctor":"Float32Array","array":[-150.40899658203125,-20.940000534057617,0,0,0,0,1,1,1,1]}},{"__type__":"cc.Node","_name":"ding","_parent":{"__id__":16},"_components":[{"__type__":"cc.Sprite","node":{"__id__":17},"_materials":[{"__uuid__":"ecpdLyjvZBwrvm+cedCcQy"}],"_spriteFrame":{"__uuid__":"3fRClyib1Cs6NN4B5lBIpu"}}],"_prefab":{"__type__":"cc.PrefabInfo","root":{"__id__":13},"asset":{"__uuid__":"64hAsVmCZDuZiecRDYKth2"},"fileId":"daYtxUwbBCZpUFqubQqUND"},"_contentSize":{"__type__":"cc.Size","width":30,"height":42},"_trs":{"__type__":"TypedArray","ctor":"Float32Array","array":[-0.36500999331474304,47.27899932861328,0,0,0,0,1,1,1,1]}},{"__type__":"cc.Node","_name":"2","_parent":{"__id__":7},"_children":[{"__id__":19},{"__id__":20},{"__id__":21}],"_components":[{"__type__":"1c9c8AhbOtFyKoYlOIAPtpu","node":{"__id__":18}},{"__type__":"cc.Button","node":{"__id__":18},"clickEvents":[{"__type__":"cc.ClickEvent","target":{"__id__":18},"_componentId":"1c9c8AhbOtFyKoYlOIAPtpu","handler":"touchButton"}]}],"_prefab":{"__type__":"cc.PrefabInfo","root":{"__id__":18},"asset":{"__uuid__":"58rK5gxClAN7O/ce/PIJ8p"},"fileId":"8ayk+eqcxNIoXRlJdt4jUZ"},"_contentSize":{"__type__":"cc.Size","width":419,"height":120},"_trs":{"__type__":"TypedArray","ctor":"Float32Array","array":[0,-410,0,0,0,0,1,1,1,1]}},{"__type__":"cc.Node","_name":"box","_parent":{"__id__":18},"_components":[{"__type__":"cc.Sprite","node":{"__id__":19},"_materials":[{"__uuid__":"ecpdLyjvZBwrvm+cedCcQy"}],"_spriteFrame":{"__uuid__":"0d0qecsxlH2bBLChoAT+kj"},"_type":1,"_sizeMode":0}],"_prefab":{"__type__":"cc.PrefabInfo","root":{"__id__":18},"asset":{"__uuid__":"58rK5gxClAN7O/ce/PIJ8p"},"fileId":"e7hBp+BLxC4YHtLtZa1X9Y"},"_opacity":40,"_color":{"__type__":"cc.Color","r":253,"g":245,"b":245},"_contentSize":{"__type__":"cc.Size","width":421.3,"height":123.4},"_anchorPoint":{"__type__":"cc.Vec2","x":0.43779475859512507,"y":0.5068617932994455},"_trs":{"__type__":"TypedArray","ctor":"Float32Array","array":[-24,-0.5,0,0,0,0,1,1,1,1]}},{"__type__":"cc.Node","_name":"content","_parent":{"__id__":18},"_components":[{"__type__":"cc.Sprite","node":{"__id__":20},"_materials":[{"__uuid__":"ecpdLyjvZBwrvm+cedCcQy"}],"_spriteFrame":{"__uuid__":"53wvRADtpCGZgNL75u4OJg"},"_type":1,"_sizeMode":0}],"_prefab":{"__type__":"cc.PrefabInfo","root":{"__id__":18},"asset":{"__uuid__":"58rK5gxClAN7O/ce/PIJ8p"},"fileId":"14cmZNcoVA3Jx7EvdILqJH"},"_opacity":180,"_contentSize":{"__type__":"cc.Size","width":419,"height":120},"_trs":{"__type__":"TypedArray","ctor":"Float32Array","array":[0,0,0,0,0,0,1,1,1,1]}},{"__type__":"cc.Node","_name":"icon","_parent":{"__id__":18},"_children":[{"__id__":22}],"_components":[{"__type__":"cc.Sprite","node":{"__id__":21},"_materials":[{"__uuid__":"ecpdLyjvZBwrvm+cedCcQy"}],"_spriteFrame":{"__uuid__":"5fKyhyZd9BG77Ni+p0veBW"},"_sizeMode":0}],"_prefab":{"__type__":"cc.PrefabInfo","root":{"__id__":18},"asset":{"__uuid__":"58rK5gxClAN7O/ce/PIJ8p"},"fileId":"3c2gvuWOtOVovwTAxubkYT"},"_contentSize":{"__type__":"cc.Size","width":100,"height":100},"_trs":{"__type__":"TypedArray","ctor":"Float32Array","array":[-150.40899658203125,-20.940000534057617,0,0,0,0,1,1,1,1]}},{"__type__":"cc.Node","_name":"ding","_parent":{"__id__":21},"_components":[{"__type__":"cc.Sprite","node":{"__id__":22},"_materials":[{"__uuid__":"ecpdLyjvZBwrvm+cedCcQy"}],"_spriteFrame":{"__uuid__":"3fRClyib1Cs6NN4B5lBIpu"}}],"_prefab":{"__type__":"cc.PrefabInfo","root":{"__id__":18},"asset":{"__uuid__":"58rK5gxClAN7O/ce/PIJ8p"},"fileId":"b5MPGgBXpISrm+1Ci9KQAc"},"_contentSize":{"__type__":"cc.Size","width":30,"height":42},"_trs":{"__type__":"TypedArray","ctor":"Float32Array","array":[-0.36500999331474304,47.27899932861328,0,0,0,0,1,1,1,1]}},{"__type__":"cc.Node","_name":"5","_parent":{"__id__":7},"_children":[{"__id__":24},{"__id__":25},{"__id__":26}],"_components":[{"__type__":"1c9c8AhbOtFyKoYlOIAPtpu","node":{"__id__":23}},{"__type__":"cc.Button","node":{"__id__":23},"clickEvents":[{"__type__":"cc.ClickEvent","target":{"__id__":23},"_componentId":"1c9c8AhbOtFyKoYlOIAPtpu","handler":"touchButton"}]}],"_prefab":{"__type__":"cc.PrefabInfo","root":{"__id__":23},"asset":{"__uuid__":"50r/qGUh1AnLlFf+o5q8fU"},"fileId":"8ayk+eqcxNIoXRlJdt4jUZ"},"_contentSize":{"__type__":"cc.Size","width":419,"height":120},"_trs":{"__type__":"TypedArray","ctor":"Float32Array","array":[0,-560,0,0,0,0,1,1,1,1]}},{"__type__":"cc.Node","_name":"box","_parent":{"__id__":23},"_components":[{"__type__":"cc.Sprite","node":{"__id__":24},"_materials":[{"__uuid__":"ecpdLyjvZBwrvm+cedCcQy"}],"_spriteFrame":{"__uuid__":"0d0qecsxlH2bBLChoAT+kj"},"_type":1,"_sizeMode":0}],"_prefab":{"__type__":"cc.PrefabInfo","root":{"__id__":23},"asset":{"__uuid__":"50r/qGUh1AnLlFf+o5q8fU"},"fileId":"e7hBp+BLxC4YHtLtZa1X9Y"},"_opacity":50,"_color":{"__type__":"cc.Color","r":253,"g":245,"b":245},"_contentSize":{"__type__":"cc.Size","width":421.3,"height":123.4},"_anchorPoint":{"__type__":"cc.Vec2","x":0.43779475859512507,"y":0.5068617932994455},"_trs":{"__type__":"TypedArray","ctor":"Float32Array","array":[-24,-0.5,0,0,0,0,1,1,1,1]}},{"__type__":"cc.Node","_name":"content","_parent":{"__id__":23},"_components":[{"__type__":"cc.Sprite","node":{"__id__":25},"_materials":[{"__uuid__":"ecpdLyjvZBwrvm+cedCcQy"}],"_spriteFrame":{"__uuid__":"38mOPAKzlH5bEHR6jkV8Sb"},"_type":1,"_sizeMode":0}],"_prefab":{"__type__":"cc.PrefabInfo","root":{"__id__":23},"asset":{"__uuid__":"50r/qGUh1AnLlFf+o5q8fU"},"fileId":"14cmZNcoVA3Jx7EvdILqJH"},"_opacity":180,"_contentSize":{"__type__":"cc.Size","width":419,"height":120},"_trs":{"__type__":"TypedArray","ctor":"Float32Array","array":[0,0,0,0,0,0,1,1,1,1]}},{"__type__":"cc.Node","_name":"icon","_parent":{"__id__":23},"_children":[{"__id__":27}],"_components":[{"__type__":"cc.Sprite","node":{"__id__":26},"_materials":[{"__uuid__":"ecpdLyjvZBwrvm+cedCcQy"}],"_spriteFrame":{"__uuid__":"5fKyhyZd9BG77Ni+p0veBW"},"_sizeMode":0}],"_prefab":{"__type__":"cc.PrefabInfo","root":{"__id__":23},"asset":{"__uuid__":"50r/qGUh1AnLlFf+o5q8fU"},"fileId":"3c2gvuWOtOVovwTAxubkYT"},"_contentSize":{"__type__":"cc.Size","width":100,"height":100},"_trs":{"__type__":"TypedArray","ctor":"Float32Array","array":[-150.40899658203125,-20.940000534057617,0,0,0,0,1,1,1,1]}},{"__type__":"cc.Node","_name":"ding","_parent":{"__id__":26},"_components":[{"__type__":"cc.Sprite","node":{"__id__":27},"_materials":[{"__uuid__":"ecpdLyjvZBwrvm+cedCcQy"}],"_spriteFrame":{"__uuid__":"3fRClyib1Cs6NN4B5lBIpu"}}],"_prefab":{"__type__":"cc.PrefabInfo","root":{"__id__":23},"asset":{"__uuid__":"50r/qGUh1AnLlFf+o5q8fU"},"fileId":"47uHhzTl9OIq89ryIDv0vb"},"_contentSize":{"__type__":"cc.Size","width":30,"height":42},"_trs":{"__type__":"TypedArray","ctor":"Float32Array","array":[-0.36500999331474304,47.27899932861328,0,0,0,0,1,1,1,1]}},{"__type__":"cc.Node","_name":"4","_parent":{"__id__":7},"_children":[{"__id__":29},{"__id__":30},{"__id__":31}],"_components":[{"__type__":"1c9c8AhbOtFyKoYlOIAPtpu","node":{"__id__":28}},{"__type__":"cc.Button","node":{"__id__":28},"clickEvents":[{"__type__":"cc.ClickEvent","target":{"__id__":28},"_componentId":"1c9c8AhbOtFyKoYlOIAPtpu","handler":"touchButton"}]}],"_prefab":{"__type__":"cc.PrefabInfo","root":{"__id__":28},"asset":{"__uuid__":"26fDP3a9BPr6eOXpKXqdiM"},"fileId":"8ayk+eqcxNIoXRlJdt4jUZ"},"_contentSize":{"__type__":"cc.Size","width":419,"height":120},"_trs":{"__type__":"TypedArray","ctor":"Float32Array","array":[0,-710,0,0,0,0,1,1,1,1]}},{"__type__":"cc.Node","_name":"box","_parent":{"__id__":28},"_components":[{"__type__":"cc.Sprite","node":{"__id__":29},"_materials":[{"__uuid__":"ecpdLyjvZBwrvm+cedCcQy"}],"_spriteFrame":{"__uuid__":"0d0qecsxlH2bBLChoAT+kj"},"_type":1,"_sizeMode":0}],"_prefab":{"__type__":"cc.PrefabInfo","root":{"__id__":28},"asset":{"__uuid__":"26fDP3a9BPr6eOXpKXqdiM"},"fileId":"e7hBp+BLxC4YHtLtZa1X9Y"},"_opacity":40,"_color":{"__type__":"cc.Color","r":253,"g":245,"b":245},"_contentSize":{"__type__":"cc.Size","width":421.3,"height":123.4},"_anchorPoint":{"__type__":"cc.Vec2","x":0.43779475859512507,"y":0.5068617932994455},"_trs":{"__type__":"TypedArray","ctor":"Float32Array","array":[-24,-0.5,0,0,0,0,1,1,1,1]}},{"__type__":"cc.Node","_name":"content","_parent":{"__id__":28},"_components":[{"__type__":"cc.Sprite","node":{"__id__":30},"_materials":[{"__uuid__":"ecpdLyjvZBwrvm+cedCcQy"}],"_spriteFrame":{"__uuid__":"7cloU+t6JCS46jmoe6ivMX"},"_type":1,"_sizeMode":0}],"_prefab":{"__type__":"cc.PrefabInfo","root":{"__id__":28},"asset":{"__uuid__":"26fDP3a9BPr6eOXpKXqdiM"},"fileId":"14cmZNcoVA3Jx7EvdILqJH"},"_opacity":180,"_contentSize":{"__type__":"cc.Size","width":419,"height":120},"_trs":{"__type__":"TypedArray","ctor":"Float32Array","array":[0,0,0,0,0,0,1,1,1,1]}},{"__type__":"cc.Node","_name":"icon","_parent":{"__id__":28},"_children":[{"__id__":32}],"_components":[{"__type__":"cc.Sprite","node":{"__id__":31},"_materials":[{"__uuid__":"ecpdLyjvZBwrvm+cedCcQy"}],"_spriteFrame":{"__uuid__":"5fKyhyZd9BG77Ni+p0veBW"},"_sizeMode":0}],"_prefab":{"__type__":"cc.PrefabInfo","root":{"__id__":28},"asset":{"__uuid__":"26fDP3a9BPr6eOXpKXqdiM"},"fileId":"3c2gvuWOtOVovwTAxubkYT"},"_contentSize":{"__type__":"cc.Size","width":100,"height":100},"_trs":{"__type__":"TypedArray","ctor":"Float32Array","array":[-150.40899658203125,-20.940000534057617,0,0,0,0,1,1,1,1]}},{"__type__":"cc.Node","_name":"ding","_parent":{"__id__":31},"_components":[{"__type__":"cc.Sprite","node":{"__id__":32},"_materials":[{"__uuid__":"ecpdLyjvZBwrvm+cedCcQy"}],"_spriteFrame":{"__uuid__":"3fRClyib1Cs6NN4B5lBIpu"}}],"_prefab":{"__type__":"cc.PrefabInfo","root":{"__id__":28},"asset":{"__uuid__":"26fDP3a9BPr6eOXpKXqdiM"},"fileId":"db6z2DIvBFDIeNtYEKH8Uy"},"_contentSize":{"__type__":"cc.Size","width":30,"height":42},"_trs":{"__type__":"TypedArray","ctor":"Float32Array","array":[-0.36500999331474304,47.27899932861328,0,0,0,0,1,1,1,1]}},{"__type__":"cc.Node","_name":"6","_parent":{"__id__":7},"_children":[{"__id__":34},{"__id__":35},{"__id__":36}],"_components":[{"__type__":"1c9c8AhbOtFyKoYlOIAPtpu","node":{"__id__":33}},{"__type__":"cc.Button","node":{"__id__":33},"clickEvents":[{"__type__":"cc.ClickEvent","target":{"__id__":33},"_componentId":"1c9c8AhbOtFyKoYlOIAPtpu","handler":"touchButton"}]}],"_prefab":{"__type__":"cc.PrefabInfo","root":{"__id__":33},"asset":{"__uuid__":"6eolES/99CUrj+oQeGeol4"},"fileId":"8ayk+eqcxNIoXRlJdt4jUZ"},"_contentSize":{"__type__":"cc.Size","width":419,"height":120},"_trs":{"__type__":"TypedArray","ctor":"Float32Array","array":[0,-860,0,0,0,0,1,1,1,1]}},{"__type__":"cc.Node","_name":"box","_parent":{"__id__":33},"_components":[{"__type__":"cc.Sprite","node":{"__id__":34},"_materials":[{"__uuid__":"ecpdLyjvZBwrvm+cedCcQy"}],"_spriteFrame":{"__uuid__":"0d0qecsxlH2bBLChoAT+kj"},"_type":1,"_sizeMode":0}],"_prefab":{"__type__":"cc.PrefabInfo","root":{"__id__":33},"asset":{"__uuid__":"6eolES/99CUrj+oQeGeol4"},"fileId":"e7hBp+BLxC4YHtLtZa1X9Y"},"_opacity":50,"_color":{"__type__":"cc.Color","r":253,"g":245,"b":245},"_contentSize":{"__type__":"cc.Size","width":421.3,"height":123.4},"_anchorPoint":{"__type__":"cc.Vec2","x":0.43779475859512507,"y":0.5068617932994455},"_trs":{"__type__":"TypedArray","ctor":"Float32Array","array":[-24,-0.5,0,0,0,0,1,1,1,1]}},{"__type__":"cc.Node","_name":"content","_parent":{"__id__":33},"_components":[{"__type__":"cc.Sprite","node":{"__id__":35},"_materials":[{"__uuid__":"ecpdLyjvZBwrvm+cedCcQy"}],"_spriteFrame":{"__uuid__":"d0SfoJkf5B4qZdzmGEMwNs"},"_type":1,"_sizeMode":0}],"_prefab":{"__type__":"cc.PrefabInfo","root":{"__id__":33},"asset":{"__uuid__":"6eolES/99CUrj+oQeGeol4"},"fileId":"14cmZNcoVA3Jx7EvdILqJH"},"_opacity":180,"_contentSize":{"__type__":"cc.Size","width":419,"height":120},"_trs":{"__type__":"TypedArray","ctor":"Float32Array","array":[0,0,0,0,0,0,1,1,1,1]}},{"__type__":"cc.Node","_name":"icon","_parent":{"__id__":33},"_children":[{"__id__":37}],"_components":[{"__type__":"cc.Sprite","node":{"__id__":36},"_materials":[{"__uuid__":"ecpdLyjvZBwrvm+cedCcQy"}],"_spriteFrame":{"__uuid__":"5fKyhyZd9BG77Ni+p0veBW"},"_sizeMode":0}],"_prefab":{"__type__":"cc.PrefabInfo","root":{"__id__":33},"asset":{"__uuid__":"6eolES/99CUrj+oQeGeol4"},"fileId":"3c2gvuWOtOVovwTAxubkYT"},"_contentSize":{"__type__":"cc.Size","width":100,"height":100},"_trs":{"__type__":"TypedArray","ctor":"Float32Array","array":[-150.40899658203125,-20.940000534057617,0,0,0,0,1,1,1,1]}},{"__type__":"cc.Node","_name":"ding","_parent":{"__id__":36},"_components":[{"__type__":"cc.Sprite","node":{"__id__":37},"_materials":[{"__uuid__":"ecpdLyjvZBwrvm+cedCcQy"}],"_spriteFrame":{"__uuid__":"3fRClyib1Cs6NN4B5lBIpu"}}],"_prefab":{"__type__":"cc.PrefabInfo","root":{"__id__":33},"asset":{"__uuid__":"6eolES/99CUrj+oQeGeol4"},"fileId":"30BdtaWJ1IRZH82y0LQnFB"},"_contentSize":{"__type__":"cc.Size","width":30,"height":42},"_trs":{"__type__":"TypedArray","ctor":"Float32Array","array":[-0.36500999331474304,47.27899932861328,0,0,0,0,1,1,1,1]}},{"__type__":"cc.Node","_name":"3","_parent":{"__id__":7},"_children":[{"__id__":39},{"__id__":40},{"__id__":41}],"_components":[{"__type__":"1c9c8AhbOtFyKoYlOIAPtpu","node":{"__id__":38}},{"__type__":"cc.Button","node":{"__id__":38},"clickEvents":[{"__type__":"cc.ClickEvent","target":{"__id__":38},"_componentId":"1c9c8AhbOtFyKoYlOIAPtpu","handler":"touchButton"}]}],"_prefab":{"__type__":"cc.PrefabInfo","root":{"__id__":38},"asset":{"__uuid__":"ccGXyGoCFOqo3p4Vgrhgcb"},"fileId":"8ayk+eqcxNIoXRlJdt4jUZ"},"_contentSize":{"__type__":"cc.Size","width":419,"height":120},"_trs":{"__type__":"TypedArray","ctor":"Float32Array","array":[0,-1010,0,0,0,0,1,1,1,1]}},{"__type__":"cc.Node","_name":"box","_parent":{"__id__":38},"_components":[{"__type__":"cc.Sprite","node":{"__id__":39},"_materials":[{"__uuid__":"ecpdLyjvZBwrvm+cedCcQy"}],"_spriteFrame":{"__uuid__":"0d0qecsxlH2bBLChoAT+kj"},"_type":1,"_sizeMode":0}],"_prefab":{"__type__":"cc.PrefabInfo","root":{"__id__":38},"asset":{"__uuid__":"ccGXyGoCFOqo3p4Vgrhgcb"},"fileId":"e7hBp+BLxC4YHtLtZa1X9Y"},"_opacity":50,"_color":{"__type__":"cc.Color","r":253,"g":245,"b":245},"_contentSize":{"__type__":"cc.Size","width":421.3,"height":123.4},"_anchorPoint":{"__type__":"cc.Vec2","x":0.43779475859512507,"y":0.5068617932994455},"_trs":{"__type__":"TypedArray","ctor":"Float32Array","array":[-24,-0.5,0,0,0,0,1,1,1,1]}},{"__type__":"cc.Node","_name":"content","_parent":{"__id__":38},"_components":[{"__type__":"cc.Sprite","node":{"__id__":40},"_materials":[{"__uuid__":"ecpdLyjvZBwrvm+cedCcQy"}],"_spriteFrame":{"__uuid__":"67DR6J2blAGaBSP1XCfEYq"},"_type":1,"_sizeMode":0}],"_prefab":{"__type__":"cc.PrefabInfo","root":{"__id__":38},"asset":{"__uuid__":"ccGXyGoCFOqo3p4Vgrhgcb"},"fileId":"14cmZNcoVA3Jx7EvdILqJH"},"_opacity":180,"_contentSize":{"__type__":"cc.Size","width":419,"height":120},"_trs":{"__type__":"TypedArray","ctor":"Float32Array","array":[0,0,0,0,0,0,1,1,1,1]}},{"__type__":"cc.Node","_name":"icon","_parent":{"__id__":38},"_children":[{"__id__":42}],"_components":[{"__type__":"cc.Sprite","node":{"__id__":41},"_materials":[{"__uuid__":"ecpdLyjvZBwrvm+cedCcQy"}],"_spriteFrame":{"__uuid__":"5fKyhyZd9BG77Ni+p0veBW"},"_sizeMode":0}],"_prefab":{"__type__":"cc.PrefabInfo","root":{"__id__":38},"asset":{"__uuid__":"ccGXyGoCFOqo3p4Vgrhgcb"},"fileId":"3c2gvuWOtOVovwTAxubkYT"},"_contentSize":{"__type__":"cc.Size","width":100,"height":100},"_trs":{"__type__":"TypedArray","ctor":"Float32Array","array":[-150.40899658203125,-20.940000534057617,0,0,0,0,1,1,1,1]}},{"__type__":"cc.Node","_name":"ding","_parent":{"__id__":41},"_components":[{"__type__":"cc.Sprite","node":{"__id__":42},"_materials":[{"__uuid__":"ecpdLyjvZBwrvm+cedCcQy"}],"_spriteFrame":{"__uuid__":"3fRClyib1Cs6NN4B5lBIpu"}}],"_prefab":{"__type__":"cc.PrefabInfo","root":{"__id__":38},"asset":{"__uuid__":"ccGXyGoCFOqo3p4Vgrhgcb"},"fileId":"7bjp2MwbFDg76PuemXgFYb"},"_contentSize":{"__type__":"cc.Size","width":30,"height":42},"_trs":{"__type__":"TypedArray","ctor":"Float32Array","array":[-0.36500999331474304,47.27899932861328,0,0,0,0,1,1,1,1]}},{"__type__":"cc.Node","_name":"7","_parent":{"__id__":7},"_children":[{"__id__":44},{"__id__":45},{"__id__":46}],"_components":[{"__type__":"1c9c8AhbOtFyKoYlOIAPtpu","node":{"__id__":43}},{"__type__":"cc.Button","node":{"__id__":43},"clickEvents":[{"__type__":"cc.ClickEvent","target":{"__id__":43},"_componentId":"1c9c8AhbOtFyKoYlOIAPtpu","handler":"touchButton"}]}],"_prefab":{"__type__":"cc.PrefabInfo","root":{"__id__":43},"asset":{"__uuid__":"5blGWYHk5FY4TS/XxMcCcn"},"fileId":"8ayk+eqcxNIoXRlJdt4jUZ"},"_contentSize":{"__type__":"cc.Size","width":419,"height":120},"_trs":{"__type__":"TypedArray","ctor":"Float32Array","array":[0,-1160,0,0,0,0,1,1,1,1]}},{"__type__":"cc.Node","_name":"box","_parent":{"__id__":43},"_components":[{"__type__":"cc.Sprite","node":{"__id__":44},"_materials":[{"__uuid__":"ecpdLyjvZBwrvm+cedCcQy"}],"_spriteFrame":{"__uuid__":"0d0qecsxlH2bBLChoAT+kj"},"_type":1,"_sizeMode":0}],"_prefab":{"__type__":"cc.PrefabInfo","root":{"__id__":43},"asset":{"__uuid__":"5blGWYHk5FY4TS/XxMcCcn"},"fileId":"e7hBp+BLxC4YHtLtZa1X9Y"},"_opacity":50,"_color":{"__type__":"cc.Color","r":253,"g":245,"b":245},"_contentSize":{"__type__":"cc.Size","width":421.3,"height":123.4},"_anchorPoint":{"__type__":"cc.Vec2","x":0.43779475859512507,"y":0.5068617932994455},"_trs":{"__type__":"TypedArray","ctor":"Float32Array","array":[-24,-0.5,0,0,0,0,1,1,1,1]}},{"__type__":"cc.Node","_name":"content","_parent":{"__id__":43},"_components":[{"__type__":"cc.Sprite","node":{"__id__":45},"_materials":[{"__uuid__":"ecpdLyjvZBwrvm+cedCcQy"}],"_spriteFrame":{"__uuid__":"66xWnp1PJNwLaV7c7PIMki"},"_type":1,"_sizeMode":0}],"_prefab":{"__type__":"cc.PrefabInfo","root":{"__id__":43},"asset":{"__uuid__":"5blGWYHk5FY4TS/XxMcCcn"},"fileId":"14cmZNcoVA3Jx7EvdILqJH"},"_opacity":180,"_contentSize":{"__type__":"cc.Size","width":419,"height":120},"_trs":{"__type__":"TypedArray","ctor":"Float32Array","array":[0,0,0,0,0,0,1,1,1,1]}},{"__type__":"cc.Node","_name":"icon","_parent":{"__id__":43},"_children":[{"__id__":47}],"_components":[{"__type__":"cc.Sprite","node":{"__id__":46},"_materials":[{"__uuid__":"ecpdLyjvZBwrvm+cedCcQy"}],"_spriteFrame":{"__uuid__":"5fKyhyZd9BG77Ni+p0veBW"},"_sizeMode":0}],"_prefab":{"__type__":"cc.PrefabInfo","root":{"__id__":43},"asset":{"__uuid__":"5blGWYHk5FY4TS/XxMcCcn"},"fileId":"3c2gvuWOtOVovwTAxubkYT"},"_contentSize":{"__type__":"cc.Size","width":100,"height":100},"_trs":{"__type__":"TypedArray","ctor":"Float32Array","array":[-150.40899658203125,-20.940000534057617,0,0,0,0,1,1,1,1]}},{"__type__":"cc.Node","_name":"ding","_parent":{"__id__":46},"_components":[{"__type__":"cc.Sprite","node":{"__id__":47},"_materials":[{"__uuid__":"ecpdLyjvZBwrvm+cedCcQy"}],"_spriteFrame":{"__uuid__":"3fRClyib1Cs6NN4B5lBIpu"}}],"_prefab":{"__type__":"cc.PrefabInfo","root":{"__id__":43},"asset":{"__uuid__":"5blGWYHk5FY4TS/XxMcCcn"},"fileId":"dfOfseePxMrYGGrAlQyrHQ"},"_contentSize":{"__type__":"cc.Size","width":30,"height":42},"_trs":{"__type__":"TypedArray","ctor":"Float32Array","array":[-0.36500999331474304,47.27899932861328,0,0,0,0,1,1,1,1]}},{"__type__":"cc.Node","_name":"pop_bg","_parent":{"__id__":2},"_children":[{"__id__":49},{"__id__":50},{"__id__":54}],"_active":false,"_components":[{"__type__":"cc.Sprite","node":{"__id__":48},"_materials":[{"__uuid__":"ecpdLyjvZBwrvm+cedCcQy"}],"_spriteFrame":{"__uuid__":"a4GVMIII1IO5senseA3WCM"}}],"_contentSize":{"__type__":"cc.Size","width":497,"height":501},"_trs":{"__type__":"TypedArray","ctor":"Float32Array","array":[-3.1070001125335693,-6.215000152587891,0,0,0,0,1,1,1,1]}},{"__type__":"cc.Node","_name":"content","_parent":{"__id__":48},"_components":[{"__type__":"cc.BlockInputEvents","node":{"__id__":49}},{"__type__":"cc.Sprite","node":{"__id__":49},"_materials":[{"__uuid__":"ecpdLyjvZBwrvm+cedCcQy"}],"_spriteFrame":{"__uuid__":"a2MjXRFdtLlYQ5ouAFv/+R"},"_type":1,"_sizeMode":0}],"_color":{"__type__":"cc.Color","r":14,"g":1,"b":1},"_contentSize":{"__type__":"cc.Size","width":2,"height":2},"_trs":{"__type__":"TypedArray","ctor":"Float32Array","array":[0,0,0,0,0,0,1,1,1,1]}},{"__type__":"cc.Node","_name":"progressBar","_parent":{"__id__":48},"_children":[{"__id__":51}],"_components":[{"__type__":"cc.Sprite","node":{"__id__":50},"_materials":[{"__uuid__":"ecpdLyjvZBwrvm+cedCcQy"}],"_spriteFrame":{"__uuid__":"8855/VlrRKd6H0MSRnFxAU"},"_type":1,"_sizeMode":0},{"__id__":53}],"_contentSize":{"__type__":"cc.Size","width":300,"height":15},"_trs":{"__type__":"TypedArray","ctor":"Float32Array","array":[-2.2279999256134033,-129.2169952392578,0,0,0,0,1,1,1,1]}},{"__type__":"cc.Node","_name":"bar","_parent":{"__id__":50},"_components":[{"__id__":52}],"_contentSize":{"__type__":"cc.Size","width":150,"height":15},"_anchorPoint":{"__type__":"cc.Vec2","y":0.5},"_trs":{"__type__":"TypedArray","ctor":"Float32Array","array":[-150,0,0,0,0,0,1,1,1,1]}},{"__type__":"cc.Sprite","node":{"__id__":51},"_materials":[{"__uuid__":"ecpdLyjvZBwrvm+cedCcQy"}],"_spriteFrame":{"__uuid__":"675ovJ2tVK2aLYfgPUWOMv"},"_type":1,"_sizeMode":0},{"__type__":"cc.ProgressBar","node":{"__id__":50},"_N$totalLength":300,"_N$barSprite":{"__id__":52},"_N$progress":0.5},{"__type__":"cc.Node","_name":"label","_parent":{"__id__":48},"_components":[{"__id__":55}],"_contentSize":{"__type__":"cc.Size","width":97.87,"height":50.4},"_trs":{"__type__":"TypedArray","ctor":"Float32Array","array":[-9.361989974975586,-21.924009323120117,0,0,0,0,1,1,1,1]}},{"__type__":"cc.Label","node":{"__id__":54},"_materials":[{"__uuid__":"ecpdLyjvZBwrvm+cedCcQy"}],"_useOriginalSize":false,"_string":"Label","_N$string":"Label","_N$horizontalAlign":1,"_N$verticalAlign":1},{"__type__":"cc.Node","_name":"hotUpdate","_parent":{"__id__":1},"_components":[{"__type__":"f420awNPyZIGK5164SbpPge","node":{"__id__":56},"pb":{"__id__":53},"popDialog":{"__id__":48},"label":{"__id__":55}}],"_trs":{"__type__":"TypedArray","ctor":"Float32Array","array":[320,480,0,0,0,0,1,1,1,1]},"_id":"3cme0GdPlGQbSGYB2g1KjJ"}],{"__type__":"cc.SpriteFrame","content":{"name":"5","texture":"01+4n30XtFBqdEdah4nxqq","rect":[0,0,270,44],"offset":[0,0],"originalSize":[270,44],"capInsets":[10,10,10,10]}},{"__type__":"cc.SpriteFrame","content":{"name":"ding","texture":"16kj33p3RBRqNwXOoRT6ni","rect":[3,0,30,42],"offset":[0.5,1],"originalSize":[35,44],"capInsets":[0,0,0,0]}},{"__type__":"cc.SpriteFrame","content":{"name":"2","texture":"6cwhdUVhVLJ6vIRoEiH3Oi","rect":[0,0,270,44],"offset":[0,0],"originalSize":[270,44],"capInsets":[10,10,10,10]}},{"__type__":"cc.SpriteFrame","content":{"name":"icon","texture":"85v0HZd6pIlr/trlYZMos2","rect":[0,0,144,144],"offset":[0,0],"originalSize":[144,144],"capInsets":[0,0,0,0]}},{"__type__":"cc.SpriteFrame","content":{"name":"7","texture":"deatmnXYBJGYQGwMCNKkXH","rect":[0,0,270,44],"offset":[0,0],"originalSize":[270,44],"capInsets":[10,10,10,10]}},{"__type__":"cc.SpriteFrame","content":{"name":"3","texture":"57qiRHpm1Ljp1sOZBrREQg","rect":[0,0,270,44],"offset":[0,0],"originalSize":[270,44],"capInsets":[10,10,10,10]}},{"__type__":"cc.SpriteFrame","content":{"name":"default_progressbar","texture":"cf73jxyN9Jt47QTJU6ziYh","rect":[0,0,30,15],"offset":[0,0],"originalSize":[30,15],"capInsets":[10,4,10,4]}},{"__type__":"cc.SpriteFrame","content":{"name":"4","texture":"2coKZQSQJIIZnCeYriWnQ0","rect":[0,0,270,44],"offset":[0,0],"originalSize":[270,44],"capInsets":[10,10,10,10]}},{"__type__":"cc.SpriteFrame","content":{"name":"red","texture":"71TKlrx4hK07cJd+9ol0jb","rect":[0,0,270,44],"offset":[0,0],"originalSize":[270,44],"capInsets":[15,10,15,10]}},{"__type__":"cc.SpriteFrame","content":{"name":"default_progressbar_bg","texture":"99FwsL0hBG8bITfZ4/IwmK","rect":[0,0,60,15],"offset":[0,0],"originalSize":[60,15],"capInsets":[10,4,10,4]}},{"__type__":"cc.SpriteFrame","content":{"name":"default_sprite_splash","texture":"02delMVqdBD70a/HSD99FK","rect":[0,0,2,2],"offset":[0,0],"originalSize":[2,2],"capInsets":[0,0,0,0]}},{"__type__":"cc.SpriteFrame","content":{"name":"bg","texture":"d3Wk6rL/lJ6oG5NjtuRATI","rect":[0,0,497,501],"offset":[0,0],"originalSize":[497,501],"capInsets":[0,0,0,0]}},{"__type__":"cc.SpriteFrame","content":{"name":"bg_lauch_loading","texture":"e3mXIFsHVAfKXpuz4aW0t9","rect":[0,0,1184,2016],"offset":[0,0],"originalSize":[1184,2016],"capInsets":[0,0,0,0]}},{"__type__":"cc.SpriteFrame","content":{"name":"6","texture":"53FDYw6BdJo5aaWSOjNUbn","rect":[0,0,270,44],"offset":[0,0],"originalSize":[270,44],"capInsets":[10,10,10,10]}}]