[{"__type__":"cc.SpriteFrame","content":{"name":"box","texture":"37ThGn6stNn64gVDdYShp8","rect":[0,0,473,258],"offset":[0,0],"originalSize":[473,258],"capInsets":[10,10,10,10]}},[{"__type__":"cc.Prefab","_name":"4","data":{"__id__":1}},{"__type__":"cc.Node","_name":"content","_children":[{"__id__":2},{"__id__":3},{"__id__":4},{"__id__":5}],"_prefab":{"__type__":"cc.PrefabInfo","root":{"__id__":1},"asset":{"__uuid__":"26fDP3a9BPr6eOXpKXqdiM"},"fileId":"8ayk+eqcxNIoXRlJdt4jUZ"},"_contentSize":{"__type__":"cc.Size","width":419,"height":120},"_trs":{"__type__":"TypedArray","ctor":"Float32Array","array":[0,0,0,0,0,0,1,1,1,1]}},{"__type__":"cc.Node","_name":"box","_parent":{"__id__":1},"_components":[{"__type__":"cc.Sprite","node":{"__id__":2},"_materials":[{"__uuid__":"ecpdLyjvZBwrvm+cedCcQy"}],"_spriteFrame":{"__uuid__":"0d0qecsxlH2bBLChoAT+kj"},"_sizeMode":0}],"_prefab":{"__type__":"cc.PrefabInfo","root":{"__id__":1},"asset":{"__uuid__":"26fDP3a9BPr6eOXpKXqdiM"},"fileId":"e7hBp+BLxC4YHtLtZa1X9Y"},"_opacity":50,"_color":{"__type__":"cc.Color","r":253,"g":245,"b":245},"_contentSize":{"__type__":"cc.Size","width":421.3,"height":123.4},"_anchorPoint":{"__type__":"cc.Vec2","x":0.43779475859512507,"y":0.5068617932994455},"_trs":{"__type__":"TypedArray","ctor":"Float32Array","array":[-24,-0.5,0,0,0,0,1,1,1,1]}},{"__type__":"cc.Node","_name":"content","_parent":{"__id__":1},"_components":[{"__type__":"cc.Sprite","node":{"__id__":3},"_materials":[{"__uuid__":"ecpdLyjvZBwrvm+cedCcQy"}],"_spriteFrame":{"__uuid__":"7cloU+t6JCS46jmoe6ivMX"},"_type":1,"_sizeMode":0}],"_prefab":{"__type__":"cc.PrefabInfo","root":{"__id__":1},"asset":{"__uuid__":"26fDP3a9BPr6eOXpKXqdiM"},"fileId":"14cmZNcoVA3Jx7EvdILqJH"},"_opacity":180,"_contentSize":{"__type__":"cc.Size","width":419,"height":120},"_trs":{"__type__":"TypedArray","ctor":"Float32Array","array":[0,0,0,0,0,0,1,1,1,1]}},{"__type__":"cc.Node","_name":"icon","_parent":{"__id__":1},"_components":[{"__type__":"cc.Sprite","node":{"__id__":4},"_materials":[{"__uuid__":"ecpdLyjvZBwrvm+cedCcQy"}],"_spriteFrame":{"__uuid__":"5fKyhyZd9BG77Ni+p0veBW"},"_sizeMode":0}],"_prefab":{"__type__":"cc.PrefabInfo","root":{"__id__":1},"asset":{"__uuid__":"26fDP3a9BPr6eOXpKXqdiM"},"fileId":"3c2gvuWOtOVovwTAxubkYT"},"_contentSize":{"__type__":"cc.Size","width":100,"height":100},"_trs":{"__type__":"TypedArray","ctor":"Float32Array","array":[-150.40899658203125,-20.940000534057617,0,0,0,0,1,1,1,1]}},{"__type__":"cc.Node","_name":"ding","_parent":{"__id__":1},"_components":[{"__type__":"cc.Sprite","node":{"__id__":5},"_materials":[{"__uuid__":"ecpdLyjvZBwrvm+cedCcQy"}],"_spriteFrame":{"__uuid__":"3fRClyib1Cs6NN4B5lBIpu"}}],"_prefab":{"__type__":"cc.PrefabInfo","root":{"__id__":1},"asset":{"__uuid__":"26fDP3a9BPr6eOXpKXqdiM"},"fileId":"7fqqWE40JBjJ3jILKS3Zsq"},"_contentSize":{"__type__":"cc.Size","width":30,"height":42},"_trs":{"__type__":"TypedArray","ctor":"Float32Array","array":[-150.7740020751953,26.339000701904297,0,0,0,0,1,1,1,1]}}],{"__type__":"cc.SpriteFrame","content":{"name":"ding","texture":"16kj33p3RBRqNwXOoRT6ni","rect":[3,0,30,42],"offset":[0.5,1],"originalSize":[35,44],"capInsets":[0,0,0,0]}},{"__type__":"cc.SpriteFrame","content":{"name":"icon","texture":"85v0HZd6pIlr/trlYZMos2","rect":[0,0,144,144],"offset":[0,0],"originalSize":[144,144],"capInsets":[0,0,0,0]}},{"__type__":"cc.SpriteFrame","content":{"name":"4","texture":"2coKZQSQJIIZnCeYriWnQ0","rect":[0,0,270,44],"offset":[0,0],"originalSize":[270,44],"capInsets":[10,10,10,10]}}]